	date	likes	retweets	text
0	Tue Apr 10 21:49:56 +0000 2018	31841	6762	Today, it was my great honor to welcome the 2017 NCAA Football National Champion, Alabama Crimson Tide - to the Whi… https://t.co/7XFdpF69XP
1	Tue Apr 10 18:30:38 +0000 2018	59996	12964	Very thankful for President Xi of China’s kind words on tariffs and automobile barriers...also, his enlightenment o… https://t.co/rV24pPsGjV
2	Tue Apr 10 13:30:35 +0000 2018	62020	14260	Last night, it was my great honor to host America’s senior defense and military leaders for dinner at the White Hou… https://t.co/sa6xgJOMsX
3	Tue Apr 10 11:08:18 +0000 2018	100999	26397	A TOTAL WITCH HUNT!!!
4	Tue Apr 10 11:07:58 +0000 2018	88218	23639	Attorney–client privilege is dead!
5	Mon Apr 09 19:32:27 +0000 2018	46632	9579	Great @Cabinet meeting at the @WhiteHouse this morning! https://t.co/kzmfovwUeb https://t.co/7AgbwbFNuw
6	Mon Apr 09 19:17:39 +0000 2018	93276	24427	The Democrats are not doing what’s right for our country. I will not rest until we have secured our borders and res… https://t.co/Sa3HNQ2G35
7	Mon Apr 09 16:55:41 +0000 2018	0	9919	RT @StateDept: .@POTUS Trump condemns the heinous attack on innocent Syrians with banned chemical weapons. #Syria https://t.co/qiEahlL3Ah
8	Mon Apr 09 10:03:16 +0000 2018	166751	44840	When a car is sent to the United States from China, there is a Tariff to be paid of 2 1/2%. When a car is sent to C… https://t.co/lKzX2101uS
9	Mon Apr 09 00:43:27 +0000 2018	88421	12477	Congratulations to Patrick Reed on his great and courageous MASTERS win! When Patrick had his amazing win at Doral… https://t.co/ry4szk4uix
10	Sun Apr 08 13:12:57 +0000 2018	87251	24320	If President Obama had crossed his stated Red Line In The Sand, the Syrian disaster would have ended long ago! Anim… https://t.co/blQl4xUQ49
11	Sun Apr 08 13:04:22 +0000 2018	64388	15218	....to pay. Open area immediately for medical help and verification. Another humanitarian disaster for no reason whatsoever. SICK!
12	Sun Apr 08 13:00:06 +0000 2018	97813	32702	Many dead, including women and children, in mindless CHEMICAL attack in Syria. Area of atrocity is in lockdown and… https://t.co/A1m0GgLV1L
13	Sun Apr 08 12:12:35 +0000 2018	103361	23255	President Xi and I will always be friends, no matter what happens with our dispute on trade. China will take down i… https://t.co/BwfZ1XvHlB
14	Sun Apr 08 11:58:13 +0000 2018	77603	19937	The Washington Post is far more fiction than fact. Story after story is made up garbage - more like a poorly writte… https://t.co/cNgsBmnJlE
15	Sun Apr 08 11:27:49 +0000 2018	75070	20399	“The FBI closed the case on Hillary, which was a rigged investigation. They exonerated her even before they ever in… https://t.co/Xg0ZLHYGHu
16	Sun Apr 08 00:03:23 +0000 2018	73318	18095	While Security spending was somewhat more than his predecessor, Scott Pruitt has received death threats because of… https://t.co/kneEeK0koP
17	Sat Apr 07 22:42:22 +0000 2018	133422	24248	Fire at Trump Tower is out. Very confined (well built building). Firemen (and women) did a great job. THANK YOU!
18	Sat Apr 07 21:00:39 +0000 2018	91247	26150	What does the Department of Justice and FBI have to hide? Why aren’t they giving the strongly requested documents (… https://t.co/GunZYEWzMd
19	Sat Apr 07 20:52:58 +0000 2018	76856	21925	Lawmakers of the House Judiciary Committee are angrily accusing the Department of Justice of missing the Thursday D… https://t.co/x1ilNS0Dwz
20	Sat Apr 07 18:11:15 +0000 2018	105043	24637	We are sealing up our Southern Border. The people of our great country want Safety and Security. The Dems have been… https://t.co/N1O7JKAiR7
21	Sat Apr 07 18:03:56 +0000 2018	87956	21911	The United States hasn’t had a Trade Surplus with China in 40 years. They must end unfair trade, take down barriers… https://t.co/zK5bgWoVqw
22	Sat Apr 07 17:35:28 +0000 2018	91153	17892	Just spoke to @JustinTrudeau to pay my highest respect and condolences to the families of the terrible Humboldt Tea… https://t.co/C9UPsBZvb1
23	Fri Apr 06 20:26:53 +0000 2018	39463	8717	Congratulations to @bernieandsid on their new @77wabcradio morning radio show in New York City. It was an honor to… https://t.co/6qhLQPgxwl
24	Fri Apr 06 20:23:58 +0000 2018	94672	28845	“BET founder: Trump's economy is bringing black workers back into the labor force” https://t.co/TtMDfi4bv0
25	Fri Apr 06 16:24:27 +0000 2018	67070	16277	AMERICA IS OPEN FOR BUSINESS! https://t.co/5jxdojPZmN
26	Fri Apr 06 14:46:10 +0000 2018	89383	22759	Do you believe that the Fake News Media is pushing hard on a story that I am going to replace A.G. Jeff Sessions wi… https://t.co/jChjmx1nKu
27	Fri Apr 06 14:32:43 +0000 2018	94977	24375	China, which is a great economic power, is considered a Developing Nation within the World Trade Organization. They… https://t.co/eXEW4QeUiM
28	Fri Apr 06 11:29:12 +0000 2018	0	37173	RT @realDonaldTrump: We are not in a trade war with China, that war was lost many years ago by the foolish, or incompetent, people who repr…
29	Fri Apr 06 11:11:51 +0000 2018	79384	18842	Despite the Aluminum Tariffs, Aluminum prices are DOWN 4%. People are surprised, I’m not! Lots of money coming into… https://t.co/Tiq71ZBkv1
30	Thu Apr 05 20:28:44 +0000 2018	48827	10429	Thank you @WVGovernor Jim Justice. It was my great honor to be with the amazing people of West Virginia today! #MAGA https://t.co/IwPuQNadMM
31	Thu Apr 05 20:12:10 +0000 2018	68872	15384	Thanks to our historic TAX CUTS, America is open for business, and millions of American workers are seeing more tak… https://t.co/tsW6vT1fzd
32	Thu Apr 05 13:10:07 +0000 2018	92349	24605	The Fake News Washington Post, Amazon’s “chief lobbyist,” has another (of many) phony headlines, “Trump Defiant As… https://t.co/ZhJDeha7Tu
33	Thu Apr 05 11:40:53 +0000 2018	92560	20856	The Caravan is largely broken up thanks to the strong immigration laws of Mexico and their willingness to use them… https://t.co/AoaWPSxYdq
34	Wed Apr 04 23:08:19 +0000 2018	98508	23614	“Still Rising: Rasmussen Poll Shows Donald Trump Approval Ratings Now at 51 Percent” https://t.co/q80PaE0gQo
35	Wed Apr 04 15:05:38 +0000 2018	73469	18726	Today we honor Dr. Martin Luther King, Jr. on the 50th anniversary of his assassination. Earlier this year I spoke… https://t.co/umXHC8td7P
36	Wed Apr 04 14:50:03 +0000 2018	86601	18064	Our thoughts and prayers are with the four U.S. Marines from the 3rd Marine Aircraft Wing who lost their lives in y… https://t.co/lp2AMTXfwM
37	Wed Apr 04 13:20:31 +0000 2018	87468	18496	When you’re already $500 Billion DOWN, you can’t lose!
38	Wed Apr 04 11:22:03 +0000 2018	143149	37173	We are not in a trade war with China, that war was lost many years ago by the foolish, or incompetent, people who r… https://t.co/E5TbG7MiGS
39	Wed Apr 04 11:19:28 +0000 2018	98749	24422	Our Border Laws are very weak while those of Mexico &amp; Canada are very strong. Congress must change these Obama era,… https://t.co/fdAJq8zImx
40	Tue Apr 03 21:49:14 +0000 2018	108905	19973	Was just briefed on the shooting at YouTube’s HQ in San Bruno, California. Our thoughts and prayers are with everyb… https://t.co/9gGGgoGDUv
41	Tue Apr 03 19:59:40 +0000 2018	84089	21319	WE WILL PROTECT OUR SOUTHERN BORDER! https://t.co/Z7fqQKcnez
42	Tue Apr 03 19:15:42 +0000 2018	44737	9322	Today, it was my honor to welcome Estonia President @KerstiKaljulaid, Lithuania President @Grybauskaite_LT, and Lat… https://t.co/2jWXvyGxRS
43	Tue Apr 03 13:55:37 +0000 2018	83754	20245	I am right about Amazon costing the United States Post Office massive amounts of money for being their Delivery Boy… https://t.co/P7yIvCuIo1
44	Tue Apr 03 11:08:51 +0000 2018	99000	22393	Thank you to Rasmussen for the honest polling. Just hit 50%, which is higher than Cheatin’ Obama at the same time in his Administration.
45	Tue Apr 03 10:58:30 +0000 2018	70189	16782	Check out the fact that you can’t get a job at ratings challenged @CNN unless you state that you are totally anti-T… https://t.co/tynB4Oegi5
46	Tue Apr 03 10:49:07 +0000 2018	98624	25505	The big Caravan of People from Honduras, now coming across Mexico and heading to our “Weak Laws” Border, had better… https://t.co/BXznqOG9lB
47	Tue Apr 03 10:34:18 +0000 2018	86107	21330	The Fake News Networks, those that knowingly have a sick and biased AGENDA, are worried about the competition and q… https://t.co/guy6nBwkB3
48	Tue Apr 03 02:03:18 +0000 2018	90788	18277	#AutismAwarenessDay #LightItUpBlue https://t.co/JAzSE6yEes
49	Tue Apr 03 00:34:48 +0000 2018	73582	18880	“President Trump's approval rate among likely U.S. voters hit 50 percent on Monday, which puts him higher than form… https://t.co/DJDrt5dRzg
50	Tue Apr 03 00:24:01 +0000 2018	102570	30485	39% of my nominations, including Diplomats to foreign lands, have not been confirmed due to Democrat obstruction an… https://t.co/JVyztT90FA
51	Tue Apr 03 00:12:03 +0000 2018	78995	20530	Honduras, Mexico and many other countries that the U.S. is very generous to, sends many of their people to our coun… https://t.co/8Ry0KauKit
52	Tue Apr 03 00:00:58 +0000 2018	89267	24529	As ridiculous as it sounds, the laws of our country do not easily allow us to send those crossing our Southern Bord… https://t.co/qbrVMYL42g
53	Mon Apr 02 16:38:29 +0000 2018	56019	13673	“President Donald J. Trump Proclaims April 2, 2018, World Autism Awareness Day” https://t.co/ECBCHfll0p
54	Mon Apr 02 15:41:04 +0000 2018	50743	9579	An honor to host the Annual @WhiteHouse Easter Egg Roll! https://t.co/bOMJRK8FyK
55	Mon Apr 02 13:58:00 +0000 2018	79718	21080	So sad that the Department of “Justice” and the FBI are slow walking, or even not giving, the unredacted documents… https://t.co/zrp3XHOf6C
56	Mon Apr 02 13:35:03 +0000 2018	77086	18390	Only fools, or worse, are saying that our money losing Post Office makes money with Amazon. THEY LOSE A FORTUNE, an… https://t.co/LeaMuxR6Hb
57	Mon Apr 02 13:28:42 +0000 2018	81733	19072	So funny to watch Fake News Networks, among the most dishonest groups of people I have ever dealt with, criticize S… https://t.co/DPVwCxlewf
58	Mon Apr 02 13:08:47 +0000 2018	76903	19534	Mexico is making a fortune on NAFTA...They have very strong border laws - ours are pathetic. With all of the money… https://t.co/I8q69xZXwF
59	Mon Apr 02 11:17:19 +0000 2018	90519	23156	DACA is dead because the Democrats didn’t care or act, and now everyone wants to get onto the DACA bandwagon... No… https://t.co/8PfirxPo6U
60	Mon Apr 02 11:10:19 +0000 2018	89701	23683	...Congress must immediately pass Border Legislation, use Nuclear Option if necessary, to stop the massive inflow o… https://t.co/ExRfHnXZER
61	Mon Apr 02 11:02:30 +0000 2018	76052	19735	Mexico has the absolute power not to let these large “Caravans” of people enter their country. They must stop them… https://t.co/qMMjqfSmnY
62	Sun Apr 01 14:28:19 +0000 2018	84828	19866	These big flows of people are all trying to take advantage of DACA. They want in on the act!
63	Sun Apr 01 14:25:46 +0000 2018	126902	33423	Mexico is doing very little, if not NOTHING, at stopping people from flowing into Mexico through their Southern Bor… https://t.co/9ZjeOUnVtd
64	Sun Apr 01 13:56:34 +0000 2018	132587	37563	Border Patrol Agents are not allowed to properly do their job at the Border because of ridiculous liberal (Democrat… https://t.co/DdTVIyin70
65	Sun Apr 01 12:27:02 +0000 2018	209277	41561	HAPPY EASTER!
66	Sat Mar 31 12:53:01 +0000 2018	98166	32562	Governor Jerry “Moonbeam” Brown pardoned 5 criminal illegal aliens whose crimes include (1) Kidnapping and Robbery… https://t.co/mUBIqzKARD
67	Sat Mar 31 12:52:59 +0000 2018	89711	22597	...does not include the Fake Washington Post, which is used as a “lobbyist” and should so  REGISTER. If the P.O. “i… https://t.co/D6wEE6pxVk
68	Sat Mar 31 12:45:41 +0000 2018	82176	21654	While we are on the subject, it is reported that the U.S. Post Office will lose $1.50 on average for each package i… https://t.co/KJjzUtRvI3
69	Fri Mar 30 20:24:56 +0000 2018	87984	25439	https://t.co/UM3YJ6lUiD
70	Thu Mar 29 20:06:37 +0000 2018	105176	26914	Washington spent trillions building up foreign countries while allowing OUR OWN infrastructure to fall into a state… https://t.co/TkcOWOL5tf
71	Thu Mar 29 19:58:35 +0000 2018	74687	18351	JOBS, JOBS, JOBS! Unemployment claims have fallen to a 45-year low. Together, we are making the economy great again! https://t.co/pN2TE5HDQm
72	Thu Mar 29 19:44:06 +0000 2018	74498	16636	We are going to REBUILD our crumbling infrastructure, and there is no better place to begin this campaign than in t… https://t.co/5tbcDBRyqP
73	Thu Mar 29 11:57:38 +0000 2018	130474	33390	I have stated my concerns with Amazon long before the Election. Unlike others, they pay little or no taxes to state… https://t.co/ONyVYY2yMe
74	Wed Mar 28 21:31:54 +0000 2018	48372	9874	....In the interim, Hon. Robert Wilkie of DOD will serve as Acting Secretary. I am thankful for Dr. David Shulkin’s… https://t.co/YTgVqILsvk
75	Wed Mar 28 21:31:08 +0000 2018	78631	17119	I am pleased to announce that I intend to nominate highly respected Admiral Ronny L. Jackson, MD, as the new Secret… https://t.co/YiQiyG8Xi2
76	Wed Mar 28 19:47:02 +0000 2018	118793	32017	Great briefing this afternoon on the start of our Southern Border WALL! https://t.co/pmCNoxxlkH
77	Wed Mar 28 16:19:02 +0000 2018	67216	15081	....release known dangerous criminals into communities across the State. All citizens have the right to be protecte… https://t.co/K12LPpU2cX
78	Wed Mar 28 16:18:44 +0000 2018	111316	26682	My Administration stands in solidarity with the brave citizens in Orange County defending their rights against Cali… https://t.co/SSxUNFRYf3
79	Wed Mar 28 16:14:34 +0000 2018	55135	12215	.@USTradeRep just announced an agreement in principle with South Korea on KORUS! A great deal for American and Kore… https://t.co/JoVzyixLJJ
80	Wed Mar 28 10:16:26 +0000 2018	103429	24242	Received message last night from XI JINPING of China that his meeting with KIM JONG UN went very well and that KIM… https://t.co/HA84eyjSV3
81	Wed Mar 28 10:05:18 +0000 2018	113748	26510	For years and through many administrations, everyone said that peace and the denuclearization of the Korean Peninsu… https://t.co/1CEbFJYjfG
82	Wed Mar 28 09:52:36 +0000 2018	194017	59117	THE SECOND AMENDMENT WILL NEVER BE REPEALED! As much as Democrats would like to see this happen, and despite the wo… https://t.co/JhWsWonTUw
83	Tue Mar 27 18:35:06 +0000 2018	68063	15517	I am very pleased to welcome the opioid memorial to the President's Park in April. I encourage all to visit and rem… https://t.co/Q8lkH5IdnS
84	Tue Mar 27 02:38:07 +0000 2018	0	31166	RT @realDonaldTrump: Because of the $700 &amp; $716 Billion Dollars gotten to rebuild our Military, many jobs are created and our Military is a…
85	Tue Mar 27 00:44:52 +0000 2018	104636	21045	Trade talks going on with numerous countries that, for many years, have not treated the United States fairly. In the end, all will be happy!
86	Mon Mar 26 20:29:19 +0000 2018	69268	15787	Great news! #MAGA https://t.co/mRQGRJkozC
87	Mon Mar 26 12:38:55 +0000 2018	133784	27441	So much Fake News. Never been more voluminous or more inaccurate. But through it all, our country is doing great!
88	Mon Mar 26 11:05:40 +0000 2018	98380	19710	The economy is looking really good. It has been many years that we have seen these kind of numbers. The underlying… https://t.co/8sWXaR8gR8
89	Mon Mar 26 03:26:43 +0000 2018	75381	20632	.@HowieCarrShow just wrote a book which everyone is talking about. He was a great help. He is a veteran journalist… https://t.co/yZX6N0gS4M
90	Sun Mar 25 13:45:44 +0000 2018	51711	11403	“President Donald J. Trump Proclaims March 25, 2018, as Greek Independence Day: A National Day of Celebration of Gr… https://t.co/5xHxd4dTEc
91	Sun Mar 25 13:08:27 +0000 2018	64969	15019	Happy National #MedalOfHonorDay to our HEROES. We love you! https://t.co/6euI31R4Gz
92	Sun Mar 25 11:49:16 +0000 2018	82436	17917	....lawyer or law firm will take months to get up to speed (if for no other reason than they can bill more), which… https://t.co/VNRpirZlPZ
93	Sun Mar 25 11:40:41 +0000 2018	66663	14315	Many lawyers and top law firms want to represent me in the Russia case...don’t believe the Fake News narrative that… https://t.co/KKFpwlHShL
94	Sun Mar 25 10:42:20 +0000 2018	80150	19678	Much can be done with the $1.6 Billion given to building and fixing the border wall. It is just a down payment. Wor… https://t.co/XKkvhIVsRN
95	Sun Mar 25 10:33:25 +0000 2018	117684	31166	Because of the $700 &amp; $716 Billion Dollars gotten to rebuild our Military, many jobs are created and our Military i… https://t.co/sF9ouOGHwl
96	Sun Mar 25 10:10:14 +0000 2018	83092	19649	France honors a great hero. Officer died after bravely swapping places with hostage in ISIS related terror attack.… https://t.co/e1AvHzZxiL
97	Sat Mar 24 16:40:11 +0000 2018	83053	15756	Our thoughts and prayers are with the victims of the horrible attack in France yesterday, and we grieve the nation’… https://t.co/OrSJZR27tY
98	Fri Mar 23 23:01:10 +0000 2018	71387	19338	As a matter of National Security I've signed the Omnibus Spending Bill. I say to Congress: I will NEVER sign anothe… https://t.co/0uoQ7HfCVF
99	Fri Mar 23 20:50:30 +0000 2018	81865	17126	Obama Administration legalized bump stocks. BAD IDEA. As I promised, today the Department of Justice will issue the… https://t.co/gm8BSGsnKT
100	Fri Mar 23 16:32:58 +0000 2018	47571	9681	News conference at the White House concerning the Omnibus Spending Bill.  1:00 P.M.
101	Fri Mar 23 12:55:15 +0000 2018	155668	37313	I am considering a VETO of the Omnibus Spending Bill based on the fact that the 800,000 plus DACA recipients have b… https://t.co/qhwYMqKLGO
102	Fri Mar 23 12:26:37 +0000 2018	73005	16386	DACA was abandoned by the Democrats. Very unfair to them! Would have been tied to desperately needed Wall.
103	Fri Mar 23 10:07:18 +0000 2018	77513	21081	House Intelligence Committee votes to release final report. FINDINGS: (1) No evidence provided of Collusion between… https://t.co/TDzrvtLstr
104	Thu Mar 22 22:26:41 +0000 2018	96082	24223	I am pleased to announce that, effective 4/9/18, @AmbJohnBolton will be my new National Security Advisor. I am very… https://t.co/dlRJSb9xW1
105	Thu Mar 22 20:11:30 +0000 2018	49990	10865	My honor Charlie - thank you! #MAGA https://t.co/ZbXFxNVMLP
106	Thu Mar 22 18:40:54 +0000 2018	67738	15723	As a candidate, I pledged that if elected I would use every lawful tool to combat unfair trade, protect American wo… https://t.co/nzeHdbTa5u
107	Thu Mar 22 17:12:52 +0000 2018	0	22240	RT @FLOTUS: Greetings from @WhiteHouse https://t.co/mjuHFqglYz
108	Thu Mar 22 10:40:37 +0000 2018	94798	20331	Remember when they were saying, during the campaign, that Donald Trump is giving great speeches and drawing big cro… https://t.co/tmNjLRpLXI
109	Thu Mar 22 10:19:57 +0000 2018	258111	75621	Crazy Joe Biden is trying to act like a tough guy. Actually, he is weak, both mentally and physically, and yet he t… https://t.co/4e33ZxnAw7
110	Thu Mar 22 03:04:47 +0000 2018	82840	18317	Democrats refused to take care of DACA. Would have been so easy, but they just didn’t care. I had to fight for Military and start of Wall.
111	Thu Mar 22 03:00:36 +0000 2018	109447	24743	Got $1.6 Billion to start Wall on Southern Border, rest will be forthcoming. Most importantly, got $700 Billion to… https://t.co/0uCYCqGbgf
112	Wed Mar 21 19:05:40 +0000 2018	85414	20050	.....They can help solve problems with North Korea, Syria, Ukraine, ISIS, Iran and even the coming Arms Race. Bush… https://t.co/hrZ6vrJjVC
113	Wed Mar 21 18:56:14 +0000 2018	131175	29825	I called President Putin of Russia to congratulate him on his election victory (in past, Obama called him also). Th… https://t.co/GZNDtLqkop
114	Wed Mar 21 11:29:03 +0000 2018	78486	18709	“Special Council is told to find crimes, whether a crime exists or not. I was opposed to the selection of Mueller t… https://t.co/KYsOPqiVBG
115	Wed Mar 21 11:11:17 +0000 2018	83579	19971	...there was no probable cause for believing that there was any crime, collusion or otherwise, or obstruction of ju… https://t.co/zZFkhcS0jf
116	Wed Mar 21 10:52:27 +0000 2018	60063	14893	Department of Justice should have urged the Supreme Court to at least hear the Drivers License case on illegal immi… https://t.co/tEaYQ9In3t
117	Wed Mar 21 10:28:16 +0000 2018	136980	26627	AUSTIN BOMBING SUSPECT IS DEAD. Great job by law enforcement and all concerned!
118	Tue Mar 20 15:36:23 +0000 2018	140879	33948	Our Nation was founded by farmers. Our independence was won by farmers. And our continent was tamed by farmers. Our… https://t.co/UsFIoGflhu
119	Tue Mar 20 00:28:45 +0000 2018	99219	21972	The Democrats do not want to help DACA. Would be so easy to make a deal!
120	Mon Mar 19 22:38:15 +0000 2018	0	12014	RT @WhiteHouse: The opioid crisis has created stories of despair of shock, but also stories of recovery &amp; hope. President Trump is asking e…
121	Mon Mar 19 13:07:50 +0000 2018	110977	24739	A total WITCH HUNT with massive conflicts of interest!
122	Mon Mar 19 12:16:40 +0000 2018	50133	8016	.@seanhannity on @foxandfriends now! Great! 8:18 A.M.
123	Sun Mar 18 12:35:42 +0000 2018	126086	33366	Why does the Mueller team have 13 hardened Democrats, some big Crooked Hillary supporters, and Zero Republicans? An… https://t.co/wKNAVhWJcz
124	Sun Mar 18 12:22:11 +0000 2018	130105	31626	Spent very little time with Andrew McCabe, but he never took notes when he was with me. I don’t believe he made mem… https://t.co/O4fdG6P0sN
125	Sun Mar 18 12:02:31 +0000 2018	102187	27395	Wow, watch Comey lie under oath to Senator G when asked “have you ever been an anonymous source...or known someone… https://t.co/2GxHCPXrJ3
126	Sun Mar 18 00:12:48 +0000 2018	104295	29525	The Mueller probe should never have been started in that there was no collusion and there was no crime. It was base… https://t.co/oMCKEA7WmJ
127	Sat Mar 17 17:34:21 +0000 2018	143203	39279	The Fake News is beside themselves that McCabe was caught, called out and fired. How many hundreds of thousands of… https://t.co/09lMF1jNHk
128	Sat Mar 17 17:11:50 +0000 2018	115874	31724	As the House Intelligence Committee has concluded, there was no collusion between Russia and the Trump Campaign. As… https://t.co/BF4giONbVG
129	Sat Mar 17 15:00:54 +0000 2018	94412	17230	Happy #StPatricksDay https://t.co/4vVsW2smhB
130	Sat Mar 17 04:08:02 +0000 2018	165015	47885	Andrew McCabe FIRED, a great day for the hard working men and women of the FBI - A great day for Democracy. Sanctim… https://t.co/Cz8RmnXjLC
131	Fri Mar 16 17:42:07 +0000 2018	66343	15678	“U.S. Consumer Confidence Hits 14-Year High” https://t.co/tXJsSRoM64
132	Fri Mar 16 16:27:06 +0000 2018	71921	15338	It would be great for the Republican Party of Nevada, and it’s unity if good guy Danny Tarkanian would run for Cong… https://t.co/QyWFYavmnS
133	Fri Mar 16 14:40:53 +0000 2018	114165	21755	Our thoughts and prayers go out to the families and loved ones of the brave troops lost in the helicopter crash on… https://t.co/lNSNRvUa22
134	Fri Mar 16 01:49:47 +0000 2018	58770	12391	“President Donald J. Trump Delivers Remarks at the Shamrock☘️Bowl Presentation by Prime Minister Varadkar in the Ea… https://t.co/o7DliOumDx
135	Thu Mar 15 23:10:56 +0000 2018	108380	19445	Continuing to monitor the heartbreaking bridge collapse at FIU - so tragic. Many brave First Responders rushed in t… https://t.co/vGKt6pSST9
136	Thu Mar 15 17:47:50 +0000 2018	61526	10576	It was my honor to welcome Prime Minister Leo Varadkar of Ireland to the @WhiteHouse! https://t.co/ZT3WnIZR2L
137	Thu Mar 15 17:47:34 +0000 2018	0	8992	RT @WhiteHouse: Yesterday, five @Cabinet Secretaries testified on the Hill on the need to rebuild our Nation's crumbling infrastructure. Pr…
138	Thu Mar 15 13:29:25 +0000 2018	79484	17110	We do have a Trade Deficit with Canada, as we do with almost all countries (some of them massive). P.M. Justin Trud… https://t.co/xSKFD5YNYm
139	Thu Mar 15 11:11:39 +0000 2018	81424	17566	Larry Kudlow will be my Chief Economic Advisor as Director of the National Economic Council. Our Country will have… https://t.co/uBMM8fsmL8
140	Thu Mar 15 04:31:47 +0000 2018	67535	15133	Please join me with your thoughts and prayers for both aviators, their families and our incredible @USNavy. https://t.co/60bHhrp8Y1
141	Wed Mar 14 23:49:09 +0000 2018	67100	14672	It was wonderful to be back in Missouri where our push for historic TAX CUTS all began. Six months ago I promised t… https://t.co/33TxKS2pTe
142	Wed Mar 14 22:36:12 +0000 2018	68712	14048	Together, we are MAKING AMERICA GREAT AGAIN! https://t.co/CUutL5SZxQ
143	Wed Mar 14 21:25:58 +0000 2018	93470	20234	Today the House took major steps toward securing our schools by passing the STOP School Violence Act. We must put t… https://t.co/7rZrpbvgjj
144	Wed Mar 14 21:20:42 +0000 2018	38597	7395	Thank you for hosting! #MAGA https://t.co/9pHH60DVlX
145	Wed Mar 14 14:37:36 +0000 2018	84445	16265	We cannot keep a blind eye to the rampant unfair trade practices against our Country!
146	Wed Mar 14 13:54:50 +0000 2018	56194	12560	Five of our incredible @Cabinet Secretaries are testifying on the Hill this morning on the need to rebuild our Nati… https://t.co/3AXqETfEXJ
147	Wed Mar 14 13:12:09 +0000 2018	73533	13785	Perhaps at no time in history have the business fundamentals of U.S. companies been better than they are today!
148	Wed Mar 14 13:02:11 +0000 2018	90817	26124	Hundreds of good people, including very important Ambassadors and Judges, are being blocked and/or slow walked by t… https://t.co/ck2Ig9AZvs
149	Wed Mar 14 00:34:44 +0000 2018	84463	19183	All across this nation, we pray for our country and we THANK GOD for our United States Marines! Thank you. God Bles… https://t.co/mJpNt7HhzF
150	Wed Mar 14 00:25:59 +0000 2018	72857	15701	It was my great honor to deliver a message at the Marine Corps Air Station Miramar to our GREAT U.S. Military, stra… https://t.co/O0lrIsBwu6
151	Tue Mar 13 22:23:26 +0000 2018	95407	26189	If we don’t have a wall system, we’re not going to have a country. Congress must fund the BORDER WALL &amp; prohibit gr… https://t.co/0TfovosPwS
152	Tue Mar 13 15:27:18 +0000 2018	126115	33070	California’s sanctuary policies are illegal and unconstitutional and put the safety and security of our entire nati… https://t.co/zaPkbqbRDM
153	Tue Mar 13 15:24:23 +0000 2018	69883	20405	“According to the Center for Immigration Studies, the $18 billion wall will pay for itself by curbing the importati… https://t.co/aNllS0s4IC
154	Tue Mar 13 14:37:15 +0000 2018	87106	16982	Heading to see the BORDER WALL prototypes in California! https://t.co/fU6Ukc271l
155	Tue Mar 13 12:44:33 +0000 2018	123241	41131	Mike Pompeo, Director of the CIA, will become our new Secretary of State. He will do a fantastic job! Thank you to… https://t.co/bQrfIvM6iT
156	Tue Mar 13 12:28:03 +0000 2018	75973	17152	The Economy is raging, at an all time high, and is set to get even better. Jobs and wages up. Vote for Rick Saccone and keep it going!
157	Tue Mar 13 00:49:27 +0000 2018	161597	45138	THE HOUSE INTELLIGENCE COMMITTEE HAS, AFTER A 14 MONTH LONG IN-DEPTH INVESTIGATION, FOUND NO EVIDENCE OF COLLUSION… https://t.co/cdRy6HvVZS
158	Mon Mar 12 21:13:12 +0000 2018	75828	14821	It was my great honor to welcome the 2017 World Series Champion Houston @Astros to the @WhiteHouse! #HoustonStrong https://t.co/IO6B42jixA
159	Mon Mar 12 14:43:36 +0000 2018	51008	13053	The Pittsburgh Post Gazette just endorsed Rick Saccone for Congress. He will be much better for steel and business.… https://t.co/ZCmxt9gOQS
160	Mon Mar 12 14:12:11 +0000 2018	79219	18633	If schools are mandated to be gun free zones, violence and danger are given an open invitation to enter. Almost all… https://t.co/rGdwQ3lSQA
161	Mon Mar 12 13:22:38 +0000 2018	55907	11069	....On 18 to 21 Age Limits, watching court cases and rulings before acting. States are making this decision. Things… https://t.co/wqQ3l47UpO
162	Mon Mar 12 13:15:57 +0000 2018	81821	17212	Very strong improvement and strengthening of background checks will be fully backed by White House. Legislation mov… https://t.co/sfQ0zx9e3h
163	Mon Mar 12 12:20:03 +0000 2018	67662	15461	Secretary of Commerce Wilbur Ross will be speaking with representatives of the European Union about eliminating the… https://t.co/qxjJLdFpzd
164	Sun Mar 11 15:16:22 +0000 2018	106600	24887	Rasmussen and others have my approval ratings at around 50%, which is higher than Obama, and yet the political pund… https://t.co/x6MUw9P9sQ
165	Sun Mar 11 14:49:29 +0000 2018	92339	25082	The Democrats continue to Obstruct the confirmation of hundreds of good and talented people who are needed to run o… https://t.co/AVCxZlPVIJ
166	Sun Mar 11 14:02:23 +0000 2018	78273	18427	The Republicans are 5-0 in recent Congressional races, a point which the Fake News Media continuously fails to ment… https://t.co/JJuFpuSHyx
167	Sun Mar 11 13:50:47 +0000 2018	85744	19956	...have shown conclusively that there was no Collusion with Russia..just excuse for losing. The only Collusion was… https://t.co/ya2CwP1iUd
168	Sun Mar 11 13:41:04 +0000 2018	91877	21048	The Failing New York Times purposely wrote a false story stating that I am unhappy with my legal team on the Russia… https://t.co/LPBOjSP2LR
169	Sun Mar 11 01:37:31 +0000 2018	73148	19131	Epic crowd in Moon Township, Pennsylvania tonight. Thank you! Get out on Tuesday and VOTE for Rick @Saccone4PA18. T… https://t.co/WymRPli25F
170	Sat Mar 10 23:56:47 +0000 2018	42886	7693	"Join me LIVE in Moon Township, Pennsylvania at 7:00pmE. Great crowd for a #MAGA rally!
https://t.co/PYJNg0WGDL"
171	Sat Mar 10 21:29:37 +0000 2018	99977	24168	The European Union, wonderful countries who treat the U.S. very badly on trade, are complaining about the tariffs o… https://t.co/yNB0RtRciL
172	Sat Mar 10 20:02:02 +0000 2018	89603	21614	In the first hours after hearing that North Korea’s leader wanted to meet with me to talk denuclearization and that… https://t.co/A3376MpW3r
173	Sat Mar 10 18:38:17 +0000 2018	90607	17986	North Korea has not conducted a Missile Test since November 28, 2017 and has promised not to do so through our meet… https://t.co/Ht46GE3Pfy
174	Sat Mar 10 18:22:10 +0000 2018	63958	13827	Heading to Moon Township, Pennsylvania, to be with a really good person, State Representative Rick Saccone, who is… https://t.co/PKlU2Qxkxr
175	Sat Mar 10 17:23:16 +0000 2018	72628	16863	Spoke to Prime Minister Abe of Japan, who is very enthusiastic about talks with North Korea. Also discussing openin… https://t.co/nkhscNpa1c
176	Sat Mar 10 16:15:19 +0000 2018	91503	19140	Chinese President XI JINPING and I spoke at length about the meeting with KIM JONG UN of North Korea. President XI… https://t.co/dlSO7SlUID
177	Sat Mar 10 15:52:04 +0000 2018	86198	18715	Congratulations to Kristian Saucier, a man who has served proudly in the Navy, on your newly found Freedom. Now you… https://t.co/GZwwILcMPd
178	Sat Mar 10 13:38:51 +0000 2018	75440	14073	We are deeply saddened by the tragic situation in Yountville and mourn the loss of three incredible women who cared for our Veterans.
179	Sat Mar 10 00:42:49 +0000 2018	126142	27039	The deal with North Korea is very much in the making and will be, if completed, a very good one for the World. Time… https://t.co/7vZGmZtsYL
180	Fri Mar 09 22:48:52 +0000 2018	78716	17332	Spoke to PM @TurnbullMalcolm of Australia. He is committed to having a very fair and reciprocal military and trade… https://t.co/HTGkP7vcyw
181	Fri Mar 09 20:40:53 +0000 2018	54837	13165	That’s right @RepBost! Thank you for your support in helping put America back to work. It’s about JOBS, JOBS, JOBS… https://t.co/5WKHqkpAj9
182	Fri Mar 09 20:35:10 +0000 2018	54239	12471	Look forward to being in Pennsylvania tomorrow in support of Rick @Saccone4PA18. Big crowd expected in Moon Townshi… https://t.co/AJaYw4PstI
183	Fri Mar 09 16:47:37 +0000 2018	71445	18319	JOBS, JOBS, JOBS! #MAGA https://t.co/YAaqRcA7ZS
184	Fri Mar 09 01:08:14 +0000 2018	173863	45477	Kim Jong Un talked about denuclearization with the South Korean Representatives, not just a freeze. Also, no missil… https://t.co/ZLg0zRZ976
185	Thu Mar 08 22:17:04 +0000 2018	53026	12338	"“Presidential Proclamation on Adjusting Imports of Aluminum into the United States” 
 
Proclamation:… https://t.co/2GahSEcox6"
186	Thu Mar 08 22:16:36 +0000 2018	43857	9516	"“Presidential Proclamation on Adjusting Imports of Steel into the United States”
 
Proclamation:… https://t.co/hQNfSTdFS2"
187	Thu Mar 08 18:58:46 +0000 2018	48221	9250	Great meeting with @Cabinet at the @WhiteHouse today! #MAGA https://t.co/InWj0QTosz
188	Thu Mar 08 18:20:06 +0000 2018	58549	11899	"Happy #InternationalWomensDay

“First Lady Melania Trump to Present the 2018 International Women of Courage Award” https://t.co/EwYtFXGvn2"
189	Thu Mar 08 12:38:32 +0000 2018	92861	19113	Looking forward to 3:30 P.M. meeting today at the White House. We have to protect &amp; build our Steel and Aluminum In… https://t.co/TOvuYY0vmd
190	Wed Mar 07 15:38:49 +0000 2018	95348	19529	The U.S. is acting swiftly on Intellectual Property theft. We cannot allow this to happen as it has for many years!
191	Wed Mar 07 15:10:48 +0000 2018	86470	18862	China has been asked to develop a plan for the year of a One Billion Dollar reduction in their massive Trade Defici… https://t.co/D2TzeyTmqX
192	Wed Mar 07 11:40:29 +0000 2018	128625	35706	From Bush 1 to present, our Country has lost more than 55,000 factories, 6,000,000 manufacturing jobs and accumulat… https://t.co/PqL7IA75c4
193	Wed Mar 07 11:24:42 +0000 2018	2778	1190	@MarkBurnettTV @RealRomaDowney From Bush 1 to present, our Country has lost more than 55,000 factories, 6,000,000 m… https://t.co/ZWsYQugFPk
194	Wed Mar 07 10:44:26 +0000 2018	38267	7509	Great couple, great book! https://t.co/cLDI79rin8
195	Wed Mar 07 00:49:30 +0000 2018	87345	16474	Will be making a decision soon on the appointment of new Chief Economic Advisor. Many people wanting the job - will choose wisely!
196	Tue Mar 06 14:11:54 +0000 2018	122150	27715	Possible progress being made in talks with North Korea. For the first time in many years, a serious effort is being… https://t.co/17I9VFMLrI
197	Tue Mar 06 13:46:57 +0000 2018	85451	22508	Federal Judge in Maryland has just ruled that “President Trump has the right to end DACA.” President Obama had 8 ye… https://t.co/Coh1fflMxK
198	Tue Mar 06 13:25:15 +0000 2018	212577	59060	Lowest rated Oscars in HISTORY. Problem is, we don’t have Stars anymore - except your President (just kidding, of course)!
199	Tue Mar 06 13:07:08 +0000 2018	0	18557	RT @EricTrump: Congratulations @FoxNews: Fox has 15 of the top 20 shows with @SeanHannity and @TuckerCarlson leading the pack at 1st and 2n…
200	Tue Mar 06 13:05:34 +0000 2018	39272	9852	We will see what happens! https://t.co/Y1qxoAUfd9
201	Tue Mar 06 13:02:59 +0000 2018	52939	12958	We are getting it done - jobs and security! https://t.co/Ui8bubj7Yr
202	Tue Mar 06 13:00:58 +0000 2018	72336	15316	Total inaction on DACA by Dems. Where are you? A deal can be made!
203	Tue Mar 06 12:55:35 +0000 2018	97766	22636	The new Fake News narrative is that there is CHAOS in the White House. Wrong! People will always come &amp; go, and I w… https://t.co/gZx40h1psF
204	Mon Mar 05 20:37:51 +0000 2018	113765	29782	It’s March 5th and the Democrats are nowhere to be found on DACA. Gave them 6 months, they just don’t care. Where a… https://t.co/VuCAvyGCb7
205	Mon Mar 05 13:22:29 +0000 2018	130880	38904	Why did the Obama Administration start an investigation into the Trump Campaign (with zero proof of wrongdoing) lon… https://t.co/YyfQtgZMpn
206	Mon Mar 05 12:57:12 +0000 2018	83741	17337	To protect our Country we must protect American Steel! #AMERICA FIRST
207	Mon Mar 05 11:53:48 +0000 2018	85820	18041	...treat our farmers much better. Highly restrictive. Mexico must do much more on stopping drugs from pouring into… https://t.co/7Bmn1xy747
208	Mon Mar 05 11:47:56 +0000 2018	82047	19218	We have large trade deficits with Mexico and Canada. NAFTA, which is under renegotiation right now, has been a bad… https://t.co/SdLj0DaHLu
209	Mon Mar 05 00:10:12 +0000 2018	117362	26450	We are on the losing side of almost all trade deals. Our friends and enemies have taken advantage of the U.S. for m… https://t.co/kTZHwXqeMy
210	Sun Mar 04 17:42:03 +0000 2018	102006	19845	The Gridiron Dinner last night was great fun. I am accomplishing a lot in Washington and have never had a better ti… https://t.co/BZHVReTuYi
211	Sat Mar 03 17:53:50 +0000 2018	124406	30672	If the E.U. wants to further increase their already massive tariffs and barriers on U.S. companies doing business t… https://t.co/taytTlApWc
212	Sat Mar 03 17:43:26 +0000 2018	129853	30863	The United States has an $800 Billion Dollar Yearly Trade Deficit because of our “very stupid” trade deals and poli… https://t.co/nFF3vEmRmY
213	Sat Mar 03 17:33:53 +0000 2018	74514	20462	Mainstream Media in U.S. is being mocked all over the world. They’ve gone CRAZY! https://t.co/4UGYuJpUA7
214	Sat Mar 03 14:15:00 +0000 2018	94343	21774	Happy National Anthem Day! https://t.co/cf1eugMbKU
215	Fri Mar 02 19:48:19 +0000 2018	112005	22293	REST IN PEACE BILLY GRAHAM! https://t.co/2qMoUccVC2
216	Fri Mar 02 13:57:22 +0000 2018	123768	30906	When a country Taxes our products coming in at, say, 50%, and we Tax the same product coming into our country at ZE… https://t.co/UFVLaWepzN
217	Fri Mar 02 13:01:58 +0000 2018	103835	21865	We must protect our country and our workers. Our steel industry is in bad shape. IF YOU DON’T HAVE STEEL, YOU DON’T HAVE A COUNTRY!
218	Fri Mar 02 11:18:28 +0000 2018	54649	12000	Eric, we are all with you and your family! Look forward to seeing you back on T.V. https://t.co/d6y3Q00BSy
219	Fri Mar 02 11:07:40 +0000 2018	140752	28536	Alec Baldwin, whose dying mediocre career was saved by his terrible impersonation of me on SNL, now says playing me… https://t.co/Ntuy4BRXmJ
220	Fri Mar 02 10:50:34 +0000 2018	100744	22681	When a country (USA) is losing many billions of dollars on trade with virtually every country it does business with… https://t.co/lPSkkolNRP
221	Fri Mar 02 03:04:51 +0000 2018	93768	17354	Good (Great) meeting in the Oval Office tonight with the NRA!
222	Fri Mar 02 02:59:37 +0000 2018	0	6271	RT @IvankaTrump: My OpEd on the importance of #YouthSports participation and how this Administration is seeking to lift barriers so all our…
223	Fri Mar 02 02:58:35 +0000 2018	0	10323	RT @Scavino45: “Trump Comes Through — Saves $1.4 Billion On New Air Force One” https://t.co/cN3TAQywpR
224	Fri Mar 02 00:52:43 +0000 2018	75654	14716	Manufacturing growing at the fastest pace in almost two decades!
225	Fri Mar 02 00:51:28 +0000 2018	75951	15161	Jobless claims at a 49 year low!
226	Thu Mar 01 21:31:32 +0000 2018	51943	11767	Together, we will face this challenge as a national family with conviction, with unity, and with a commitment to lo… https://t.co/7sw39LHddj
227	Thu Mar 01 20:40:52 +0000 2018	47185	10618	“Consumer Confidence in February Highest Since November 2000” https://t.co/UgAJRawExx
228	Thu Mar 01 18:26:55 +0000 2018	48855	11413	“Manufacturing in U.S. Expands at Fastest Pace Since May 2004” https://t.co/XZkwS8tTml
229	Thu Mar 01 18:06:30 +0000 2018	59300	15020	Unemployment filings are at their lowest level in over 48 years. Great news for workers and JOBS, JOBS, JOBS! #MAGA https://t.co/SzHTarzfrW
230	Thu Mar 01 12:12:42 +0000 2018	103658	22683	Our Steel and Aluminum industries (and many others) have been decimated by decades of unfair trade and bad policy w… https://t.co/OEgFJVYtCs
231	Thu Mar 01 11:53:58 +0000 2018	79513	17331	Many ideas, some good &amp; some not so good, emerged from our bipartisan meeting on school safety yesterday at the Whi… https://t.co/aJ2m3fH3y3
232	Wed Feb 28 21:34:16 +0000 2018	53589	11699	It was an honor to welcome bipartisan members of Congress for a discussion on SAFE schools and SAFE communities. As… https://t.co/EPB1EN3HRc
233	Wed Feb 28 19:01:34 +0000 2018	72997	17243	"Today we honor Billy Graham as only three private citizens before him have been honored. 

We say a prayer for our… https://t.co/CbrnqFwUuZ"
234	Wed Feb 28 18:36:53 +0000 2018	66656	14347	Starting at a small Bible School in Florida, Billy Graham soon led a nationwide revival. From a large tent in Los A… https://t.co/rhhuOssGmf
235	Wed Feb 28 17:10:22 +0000 2018	75047	17570	Today, in the center of this great Chamber lies Billy Graham – an Ambassador for Christ who reminded the world of t… https://t.co/1pVcsV0cam
236	Wed Feb 28 14:34:37 +0000 2018	90204	25346	Why is A.G. Jeff Sessions asking the Inspector General to investigate potentially massive FISA abuse. Will take for… https://t.co/3tKywTn98g
237	Wed Feb 28 14:08:21 +0000 2018	112224	20939	45 year low on illegal border crossings this year. Ice and Border Patrol Agents are doing a great job for our Count… https://t.co/Q6WZdxvUjS
238	Wed Feb 28 12:29:56 +0000 2018	101229	22312	I have decided that sections of the Wall that California wants built NOW will not be built until the whole Wall is… https://t.co/Vz6U6uS0Za
239	Wed Feb 28 12:02:58 +0000 2018	94589	23572	The Heritage Foundation has just stated that 64% of the Trump Agenda is already done, faster than even Ronald Reaga… https://t.co/MxsE3dtLnd
240	Wed Feb 28 04:28:31 +0000 2018	100500	23546	Big legal win today. U.S. judge sided with the Trump Administration and rejected the attempt to stop the government… https://t.co/zxoD3cKbaA
241	Wed Feb 28 04:20:43 +0000 2018	71110	16947	Such a beautiful map, thank you! https://t.co/FyQdgKvsRO
242	Tue Feb 27 22:58:19 +0000 2018	50531	12170	.@SenatorWicker of Mississippi has been a great supporter and incredible help in getting our massive Tax Cut Bill d… https://t.co/NZAavAxY2F
243	Tue Feb 27 22:55:36 +0000 2018	65225	15486	Texas LC George P. Bush backed me when it wasn’t the politically correct thing to do, and I back him now. Also, AC… https://t.co/6YdVjdovKe
244	Tue Feb 27 18:18:22 +0000 2018	57886	13499	“American consumers are the most confident they've been since 2000....A strong job market is boosting confidence. T… https://t.co/jabPYi1Opc
245	Tue Feb 27 18:11:19 +0000 2018	106093	29221	I want to encourage all of my many Texas friends to vote in the primary for Governor Greg Abbott, Senator Ted Cruz,… https://t.co/hhYhBC3fk8
246	Tue Feb 27 12:49:41 +0000 2018	94014	24021	WITCH HUNT!
247	Tue Feb 27 12:45:58 +0000 2018	92520	23420	“We’ve seen NO EVIDENCE OF COLLUSION....I have seen nothing, the firing of James Comey and all of the aftermath, th… https://t.co/smYiwXrZnh
248	Tue Feb 27 12:28:59 +0000 2018	65428	14745	“I’ve been skeptical about the collusion and obstruction claims for the last year. I just don’t see the evidence...… https://t.co/wUxgVpVTIN
249	Tue Feb 27 11:59:30 +0000 2018	69280	19619	“He’s got a very good point. Somebody in the Justice Department has a treasure trove of evidence of Mrs. Clinton’s… https://t.co/IpmARu0gyP
250	Sun Feb 25 19:43:34 +0000 2018	0	13987	RT @WhiteHouse: Merit-based immigration reform will benefit American workers and relieve the strain imposed by our current system on Federa…
251	Sun Feb 25 03:56:04 +0000 2018	0	7581	RT @VollrathTammie: @realDonaldTrump @FoxNews https://t.co/sERi7Vyh5I
252	Sun Feb 25 03:11:28 +0000 2018	0	14746	"RT @FoxNews: President @realDonaldTrump on Dem FISA memo: ""A lot of bad things happened on the other side, not on this side, but the other…"
253	Sun Feb 25 03:10:28 +0000 2018	0	13559	"RT @FoxNews: President @realDonaldTrump on DACA: ""I'm the one that's pushing DACA and the Democrats are nowhere to be found."" https://t.co/…"
254	Sun Feb 25 01:00:46 +0000 2018	50053	8610	I will be interviewed by @JudgeJeanine on @FoxNews at 9:00 P.M. Enjoy!
255	Sun Feb 25 00:56:35 +0000 2018	76887	19478	“Congressman Schiff omitted and distorted key facts” @FoxNews  So, what else is new. He is a total phony!
256	Sat Feb 24 23:44:11 +0000 2018	73919	19302	“Russians had no compromising information on Donald Trump” @FoxNews  Of course not, because there is none, and neve… https://t.co/R9sniNq1ar
257	Sat Feb 24 23:20:06 +0000 2018	80203	21727	Dem Memo: FBI did not disclose who the clients were - the Clinton Campaign and the DNC. Wow!
258	Sat Feb 24 23:16:13 +0000 2018	82907	20722	The Democrat memo response on government surveillance abuses is a total political and legal BUST. Just confirms all… https://t.co/7xFWbPQ5Xh
259	Sat Feb 24 22:26:15 +0000 2018	99601	25381	BIG CPAC STRAW POLL RESULTS: 93% APPROVE OF THE JOB PRESIDENT TRUMP IS DOING (Thank you!). 50% say President Trump… https://t.co/QavF7yVap4
260	Sat Feb 24 21:18:01 +0000 2018	94144	22489	Dems are no longer talking DACA! “Out of sight, out of mind,” they say. DACA beneficiaries should not be happy. Nan… https://t.co/TZjolh9nkE
261	Sat Feb 24 21:07:43 +0000 2018	74635	15998	Unemployment claims are at the lowest level since 1973. Much of this has to do with the massive cutting of unnecess… https://t.co/3W7uDjmtZJ
262	Sat Feb 24 20:16:32 +0000 2018	80231	22572	Democrat judges have totally redrawn election lines in the great State of Pennsylvania. @FoxNews. This is very unfa… https://t.co/uErhBXPwuM
263	Sat Feb 24 18:54:14 +0000 2018	86174	20768	Armed Educators (and trusted people who work within a school) love our students and will protect them. Very smart p… https://t.co/wQSlkyUTzh
264	Sat Feb 24 13:23:37 +0000 2018	0	36770	RT @realDonaldTrump: I will be strongly pushing Comprehensive Background Checks with an emphasis on Mental Health. Raise age to 21 and end…
265	Sat Feb 24 13:21:02 +0000 2018	81128	20405	So true Wayne, and Lowest black unemployment in history! https://t.co/gDxxJdZQUm
266	Fri Feb 23 22:46:47 +0000 2018	86821	15517	Thank you to the great men and women of the United States @SecretService for a job well done!
267	Fri Feb 23 21:19:37 +0000 2018	47634	8983	Today, @FLOTUS Melania and I were honored to welcome Prime Minister @TurnbullMalcolm and Mrs. Turnbull of Australia… https://t.co/PeVPje9xba
268	Fri Feb 23 17:12:40 +0000 2018	85728	20761	Our nation’s motto is IN GOD WE TRUST. This week, our nation lost an incredible leader who devoted his life to help… https://t.co/gQzYg1Xq8r
269	Fri Feb 23 17:08:42 +0000 2018	76948	18189	We salute our great American flag, we put our hands on our hearts for the pledge of Allegiance, and we all PROUDLY… https://t.co/BoR8a2Kn29
270	Fri Feb 23 17:06:36 +0000 2018	69468	15922	After years of rebuilding OTHER nations, we are finally rebuilding OUR nation - and we are restoring our confidence… https://t.co/LXqvjEMR5D
271	Fri Feb 23 13:09:54 +0000 2018	97656	24700	For those of you who are still interested, the Democrats have totally forgotten about DACA. Not a lot of interest on this subject from them!
272	Fri Feb 23 13:07:07 +0000 2018	98475	14423	My daughter, Ivanka, just arrived in South Korea. We cannot have a better, or smarter, person representing our country.
273	Fri Feb 23 13:01:09 +0000 2018	46933	7789	CPAC Today!
274	Fri Feb 23 11:28:35 +0000 2018	125236	28187	MS-13 gang members are being removed by our Great ICE and Border Patrol Agents by the thousands, but these killers… https://t.co/ktMXRRb97k
275	Fri Feb 23 01:26:26 +0000 2018	112493	31627	“School shooting survivor says he quit @CNN Town Hall after refusing scripted question.” @TuckerCarlson. Just like… https://t.co/wDQm1urt9V
276	Thu Feb 22 20:07:20 +0000 2018	83046	18504	Today, it was my great honor to host a School Safety Roundtable at the @WhiteHouse with State and local leaders, la… https://t.co/BtEV9OqmNJ
277	Thu Feb 22 16:29:50 +0000 2018	103061	18200	On behalf of an entire Nation, CONGRATULATIONS to the U.S. Women's Hockey Team on winning the GOLD! #GoTeamUSA… https://t.co/1dpsf8yqdq
278	Thu Feb 22 14:53:52 +0000 2018	105713	19608	Will be meeting with Lawmakers today at 11:30 A.M. to discuss School Safety.  Next week it will be with our Nation’… https://t.co/USyL5x0ujR
279	Thu Feb 22 14:31:35 +0000 2018	92355	22597	What many people don’t understand, or don’t want to understand, is that Wayne, Chris and the folks who work so hard… https://t.co/4I87uxDsqD
280	Thu Feb 22 13:13:32 +0000 2018	185767	36770	I will be strongly pushing Comprehensive Background Checks with an emphasis on Mental Health. Raise age to 21 and e… https://t.co/5zKlGxnVTc
281	Thu Feb 22 13:05:18 +0000 2018	106785	25696	....If a potential “sicko shooter” knows that a school has a large number of very weapons talented teachers (and ot… https://t.co/NTnUcZxrle
282	Thu Feb 22 12:54:09 +0000 2018	125209	29545	....History shows that a school shooting lasts, on average, 3 minutes. It takes police &amp; first responders approxima… https://t.co/v68k63he25
283	Thu Feb 22 12:40:08 +0000 2018	102167	22455	....immediately fire back if a savage sicko came to a school with bad intentions. Highly trained teachers would als… https://t.co/wyg77QWPfn
284	Thu Feb 22 12:26:28 +0000 2018	88599	22419	I never said “give teachers guns” like was stated on Fake News @CNN &amp; @NBC. What I said was to look at the possibil… https://t.co/Tvi4fzLbCA
285	Thu Feb 22 01:40:33 +0000 2018	105439	23705	I will always remember the time I spent today with courageous students, teachers and families. So much love in the… https://t.co/u8ZYPzhp2S
286	Wed Feb 21 21:12:45 +0000 2018	83735	18220	.@FLOTUS Melania and I join millions of people around the world in mourning the passing of Billy Graham. Our prayer… https://t.co/Q8BrGTiHuP
287	Wed Feb 21 18:20:25 +0000 2018	74393	15084	Yesterday, it was my great honor to recognize extraordinary Law Enforcement Officers and First Responders, and to a… https://t.co/PsfNaJrfEB
288	Wed Feb 21 14:40:21 +0000 2018	116105	32344	Question: If all of the Russian meddling took place during the Obama Administration, right up to January 20th, why… https://t.co/dquN8v8VwU
289	Wed Feb 21 14:22:07 +0000 2018	150421	29746	The GREAT Billy Graham is dead. There was nobody like him! He will be missed by Christians and all religions. A very special man.
290	Wed Feb 21 01:18:36 +0000 2018	81466	16145	@CNN @MSNBC Whether we are Republican or Democrat, we must now focus on strengthening Background Checks!
291	Wed Feb 21 01:14:19 +0000 2018	97933	21853	So true, thank you! https://t.co/9TTXlfokYz
292	Wed Feb 21 01:08:00 +0000 2018	95155	22392	Bad ratings @CNN &amp; @MSNBC got scammed when they covered the anti-Trump Russia rally wall-to-wall. They probably kne… https://t.co/1s5PQaBe2g
293	Tue Feb 20 17:49:07 +0000 2018	74806	17516	"Main Street is BOOMING thanks to our incredible TAX CUT and Reform law. ""This shows small-business owners are more… https://t.co/gkJczuVCt6"
294	Tue Feb 20 15:29:07 +0000 2018	79255	19697	....cameras running. Another False Accusation. Why doesn’t @washingtonpost report the story of the women taking mon… https://t.co/OTpK1KLYOL
295	Tue Feb 20 15:16:06 +0000 2018	96459	21697	A woman I don’t know and, to the best of my knowledge, never met, is on the FRONT PAGE of the Fake News Washington… https://t.co/lWlDMu6gxb
296	Tue Feb 20 13:38:49 +0000 2018	78046	16231	I have been much tougher on Russia than Obama, just look at the facts. Total Fake News!
297	Tue Feb 20 13:11:58 +0000 2018	79252	20233	Hope Republicans in the Great State of Pennsylvania challenge the new “pushed” Congressional Map, all the way to th… https://t.co/bT190oQKpM
298	Tue Feb 20 13:03:53 +0000 2018	51748	10184	Matt Schlapp and CPAC are getting ready for another exciting event. Big difference from those days when President O… https://t.co/KxKVJL0Bc4
299	Tue Feb 20 12:54:39 +0000 2018	82125	17172	Republicans are now leading the Generic Poll, perhaps because of the popular Tax Cuts which the Dems want to take a… https://t.co/TQfyR96KP8
300	Tue Feb 20 12:46:18 +0000 2018	85420	20702	....The President Obama quote just before election. That’s because he thought Crooked Hillary was going to win and… https://t.co/59Wli8q1pN
301	Tue Feb 20 12:37:20 +0000 2018	67898	17422	“There is no serious person out there who would suggest somehow that you could even rig America’s elections, there’… https://t.co/eJ9M6A2H50
302	Tue Feb 20 12:24:54 +0000 2018	66432	14654	Thank you to @foxandfriends for the great timeline on all of the failures the Obama Administration had against Russ… https://t.co/SI7CxX4a7C
303	Tue Feb 20 02:48:02 +0000 2018	68319	13276	“The Faith of Donald Trump,” a book just out by David Brody and Scott Lamb, is a very interesting read. Enjoy!
304	Tue Feb 20 02:29:29 +0000 2018	120755	25324	The U.S. economy is looking very good, in my opinion, even better than anticipated. Companies are pouring back into… https://t.co/Sxweprvk7N
305	Tue Feb 20 02:21:08 +0000 2018	55067	9397	.@MittRomney has announced he is running for the Senate from the wonderful State of Utah. He will make a great Sena… https://t.co/h1RaVb2OVj
306	Mon Feb 19 19:55:49 +0000 2018	91476	22304	Obama was President up to, and beyond, the 2016 Election. So why didn’t he do something about Russian meddling?
307	Mon Feb 19 13:42:10 +0000 2018	144383	23900	Have a great, but very reflective, President’s Day!
308	Mon Feb 19 04:28:40 +0000 2018	153807	34483	Just watched a very insecure Oprah Winfrey, who at one point I knew very well, interview a panel of people on 60 Mi… https://t.co/7iuf59562i
309	Sun Feb 18 19:13:02 +0000 2018	102198	15555	My great friends from NASCAR are having their big race today, The Daytona 500. Brian France and the France family a… https://t.co/EWBOQxPW2S
310	Sun Feb 18 17:10:32 +0000 2018	77569	17989	Thank you to KenStarr, former Independent Counsel, Whitewater, for your insight and powerful words on FISA abuse, R… https://t.co/XGIgUkn3qK
311	Sun Feb 18 13:55:55 +0000 2018	97307	21876	Great Pollster John McLaughlin now has the GOP up in the Generic Congressional Ballot. Big gain over last 4 weeks.… https://t.co/iIrNmfPgbQ
312	Sun Feb 18 13:46:39 +0000 2018	76978	19659	The Fake News of big ratings loser CNN. https://t.co/rYsv90cnvs
313	Sun Feb 18 13:11:28 +0000 2018	118421	33032	If it was the GOAL of Russia to create discord, disruption and chaos within the U.S. then, with all of the Committe… https://t.co/fx3CPabzTi
314	Sun Feb 18 12:53:11 +0000 2018	0	12885	RT @mike_pence: Big night. Largest-ever Dallas County GOP Reagan Day Dinner. As I told the crowd, under President @realDonaldTrump: Promise…
315	Sun Feb 18 12:43:48 +0000 2018	90272	19754	Now that Adam Schiff is starting to blame President Obama for Russian meddling in the election, he is probably doin… https://t.co/R2OTHSUYP9
316	Sun Feb 18 12:33:16 +0000 2018	127302	31782	I never said Russia did not meddle in the election, I said “it may be Russia, or China or another country or group,… https://t.co/1dMjQbLlSC
317	Sun Feb 18 12:22:29 +0000 2018	108800	28427	Finally, Liddle’ Adam Schiff, the leakin’ monster of no control, is now blaming the Obama Administration for Russia… https://t.co/9HNsbaWwWj
318	Sun Feb 18 12:02:52 +0000 2018	124808	38409	Never gotten over the fact that Obama was able to send $1.7 Billion Dollars in CASH to Iran and nobody in Congress,… https://t.co/5nQ35ANIrg
319	Sun Feb 18 04:22:48 +0000 2018	96855	27064	General McMaster forgot to say that the results of the 2016 election were not impacted or changed by the Russians a… https://t.co/ilaHKwf6Jy
320	Sun Feb 18 04:08:45 +0000 2018	149251	37061	Very sad that the FBI missed all of the many signals sent out by the Florida school shooter. This is not acceptable… https://t.co/yvvTEmad2e
321	Sat Feb 17 23:45:28 +0000 2018	123101	32223	Just like they don’t want to solve the DACA problem, why didn’t the Democrats pass gun control legislation when the… https://t.co/c2gS0ByFUw
322	Sat Feb 17 20:16:39 +0000 2018	58470	17147	“I have seen all of the Russian ads and I can say very definitively that swaying the election was *NOT* the main go… https://t.co/y4PVZ6KZqv
323	Sat Feb 17 20:11:32 +0000 2018	60871	18781	The Fake News Media never fails. Hard to ignore this fact from the Vice President of Facebook Ads, Rob Goldman! https://t.co/XGC7ynZwYJ
324	Sat Feb 17 19:46:48 +0000 2018	106020	25549	Funny how the Fake News Media doesn’t want to say that the Russian group was formed in 2014, long before my run for… https://t.co/9BPo5EB5WN
325	Sat Feb 17 19:36:14 +0000 2018	90426	21877	Deputy A.G. Rod Rosenstein stated at the News Conference: “There is no allegation in the indictment that any Americ… https://t.co/pPhsPl34Ie
326	Sat Feb 17 19:26:13 +0000 2018	71345	18899	“Charges Deal Don A Big Win,” written by Michael Goodwin of the @nypost, succinctly states that “the Russians had n… https://t.co/yoFUA9PolC
327	Sat Feb 17 19:04:43 +0000 2018	97227	14749	Melania and I met such incredible people last night in Broward County, Florida. Will never forget them, or the evening!
328	Sat Feb 17 04:53:13 +0000 2018	118245	24727	Our entire Nation, w/one heavy heart, continues to pray for the victims &amp; their families in Parkland, FL. To teache… https://t.co/jR8THlLD5z
329	Fri Feb 16 20:18:11 +0000 2018	141448	37076	Russia started their anti-US campaign in 2014, long before I announced that I would run for President. The results… https://t.co/B4D7ZcKHPp
330	Fri Feb 16 14:49:54 +0000 2018	97344	21914	Cannot believe how BADLY DACA recipients have been treated by the Democrats...totally abandoned! Republicans are still working hard.
331	Fri Feb 16 14:37:56 +0000 2018	120168	19859	I will be leaving for Florida today to meet with some of the bravest people on earth - but people whose lives have… https://t.co/1APUFLwj1f
332	Thu Feb 15 20:19:11 +0000 2018	62036	13606	Presidential Proclamation Honoring the Victims of the Tragedy in Parkland, Florida: https://t.co/RTQWAKiSnR https://t.co/Nhs32bm5zB
333	Thu Feb 15 19:26:09 +0000 2018	60256	15264	...lottery, continues deadly catch-and-release, and bars enforcement even for FUTURE illegal immigrants. Voting for… https://t.co/ruP4vp9vxa
334	Thu Feb 15 19:25:23 +0000 2018	72393	20041	The Schumer-Rounds-Collins immigration bill would be a total catastrophe. @DHSgov says it would be “the end of immi… https://t.co/FegRjpmNZj
335	Thu Feb 15 19:22:16 +0000 2018	0	8005	RT @SpoxDHS: Schumer-Rounds-Collins destroys the ability of @DHSgov to enforce immigration laws, creating a mass amnesty for over 10 millio…
336	Thu Feb 15 17:33:41 +0000 2018	82660	19701	In times of tragedy, the bonds that sustain us are those of family, faith, community, and country. These bonds are… https://t.co/LraxXxUN3D
337	Thu Feb 15 14:57:21 +0000 2018	101069	20653	While the Republicans and Democrats in Congress are working hard to come up with a solution to DACA, they should be… https://t.co/qti7gQGh0I
338	Thu Feb 15 12:12:41 +0000 2018	89152	20794	So many signs that the Florida shooter was mentally disturbed, even expelled from school for bad and erratic behavi… https://t.co/3mSYrtTng6
339	Wed Feb 14 20:55:01 +0000 2018	111153	19320	Just spoke to Governor Rick Scott. We are working closely with law enforcement on the terrible Florida school shooting.
340	Wed Feb 14 20:50:11 +0000 2018	173172	39192	My prayers and condolences to the families of the victims of the terrible Florida shooting. No child, teacher or an… https://t.co/RFJxgM1jhm
341	Wed Feb 14 19:11:32 +0000 2018	56246	11312	Today, I was honored to be joined by Republicans and Democrats from both the House and Senate, as well as members o… https://t.co/38kUIIV8Cp
342	Wed Feb 14 18:15:12 +0000 2018	65272	14918	As we come together to celebrate the extraordinary contributions of African-Americans to our nation, our thoughts t… https://t.co/SwAJxO88zC
343	Tue Feb 13 10:52:47 +0000 2018	106570	22413	Negotiations on DACA have begun. Republicans want to make a deal and Democrats say they want to make a deal. Wouldn… https://t.co/YW4mCpHr0R
344	Tue Feb 13 10:43:22 +0000 2018	105362	22693	Our infrastructure plan has been put forward and has received great reviews by everyone except, of course, the Demo… https://t.co/2EfB9sObdN
345	Mon Feb 12 20:48:16 +0000 2018	67363	14229	The journey to #MAGA began @CPAC 2011 and the opportunity to reconnect with friends and supporters is something I l… https://t.co/DSz3Szp4xE
346	Mon Feb 12 12:54:32 +0000 2018	86502	16672	Thank you to Sue Kruczek, who lost her wonderful and talented son Nick to the Opioid scourge, for your kind words w… https://t.co/0kIdepXBdi
347	Mon Feb 12 12:46:56 +0000 2018	138417	30081	This will be a big week for Infrastructure. After so stupidly spending $7 trillion in the Middle East, it is now ti… https://t.co/OcX7UN18Er
348	Sun Feb 11 20:36:08 +0000 2018	77265	14813	Just spoke to @JohnKasich to express condolences and prayers to all for the horrible shooting of two great police o… https://t.co/X7AhuEYwHI
349	Sun Feb 11 20:26:03 +0000 2018	96894	23903	Rep. Lou Barletta, a Great Republican from Pennsylvania who was one of my very earliest supporters, will make a FAN… https://t.co/dA2lK3WHFU
350	Sun Feb 11 19:15:32 +0000 2018	124289	24831	4.2 million hard working Americans have already received a large Bonus and/or Pay Increase because of our recently… https://t.co/oJl5AiCPZs
351	Sun Feb 11 18:21:48 +0000 2018	122941	30725	So many positive things going on for the U.S.A. and the Fake News Media just doesn’t want to go there. Same negativ… https://t.co/LBnzRfAkJx
352	Sat Feb 10 23:34:08 +0000 2018	118430	31688	My Administration has identified three major priorities for creating a safe, modern and lawful immigration system:… https://t.co/DrjXUak41S
353	Sat Feb 10 21:18:23 +0000 2018	84491	20311	My thoughts and prayers are with the two police officers, their families, and everybody at the @WestervillePD. https://t.co/AoingY77Ky
354	Sat Feb 10 18:50:02 +0000 2018	117403	30212	Republicans want to fix DACA far more than the Democrats do. The Dems had all three branches of government back in… https://t.co/0Or3U2CFZR
355	Sat Feb 10 18:34:49 +0000 2018	75300	19735	....agencies, not just the FBI &amp; DOJ, now the State Department to dig up dirt on him in the days leading up to the… https://t.co/Of9d7fmsA3
356	Sat Feb 10 18:16:20 +0000 2018	100793	25540	“My view is that not only has Trump been vindicated in the last several weeks about the mishandling of the Dossier… https://t.co/dWJuKECfwn
357	Sat Feb 10 15:33:35 +0000 2018	135814	36911	Peoples lives are being shattered and destroyed by a mere allegation. Some are true and some are false. Some are ol… https://t.co/6Zz5RAeoQe
358	Sat Feb 10 15:20:05 +0000 2018	104829	32446	According to the @nytimes, a Russian sold phony secrets on “Trump” to the U.S. Asking price was $10 million, brough… https://t.co/CBMaAX5VMt
359	Sat Feb 10 14:20:35 +0000 2018	116735	31948	The Democrats sent a very political and long response memo which they knew, because of sources and methods (and mor… https://t.co/iR1265rmh3
360	Sat Feb 10 14:02:54 +0000 2018	64569	13702	Jobless claims have dropped to a 45 year low!
361	Fri Feb 09 13:59:13 +0000 2018	89027	21253	Costs on non-military lines will never come down if we do not elect more Republicans in the 2018 Election, and beyo… https://t.co/WgvQYGEaMu
362	Fri Feb 09 13:47:28 +0000 2018	109978	28024	Without more Republicans in Congress, we were forced to increase spending on things we do not like or want in order… https://t.co/7dfsJYWjRY
363	Fri Feb 09 13:39:15 +0000 2018	129810	27021	Just signed Bill. Our Military will now be stronger than ever before. We love and need our Military and gave them e… https://t.co/9MtCabhzj8
364	Fri Feb 09 03:22:53 +0000 2018	126608	39441	Wow! -Senator Mark Warner got caught having extensive contact with a lobbyist for a Russian oligarch. Warner did no… https://t.co/N5SoaLnllm
365	Thu Feb 08 23:26:22 +0000 2018	96953	23831	Time to end the visa lottery. Congress must secure the immigration system and protect Americans. https://t.co/yukxm48x9X
366	Thu Feb 08 20:10:58 +0000 2018	109833	30655	As long as we open our eyes to God’s grace - and open our hearts to God’s love - then America will forever be the l… https://t.co/wGUIaD1JX6
367	Thu Feb 08 18:44:00 +0000 2018	79544	13497	I will be meeting with Henry Kissinger at 1:45pm. Will be discussing North Korea, China and the Middle East.
368	Thu Feb 08 17:13:13 +0000 2018	106699	29282	Our founders invoked our Creator four times in the Declaration of Independence. Our currency declares “IN GOD WE TR… https://t.co/q8ib233y1M
369	Thu Feb 08 11:08:39 +0000 2018	105590	17654	Will be heading over shortly to make remarks at The National Prayer Breakfast in Washington. Great religious and po… https://t.co/bEReTLNLo4
370	Wed Feb 07 22:36:15 +0000 2018	108743	22962	The Budget Agreement today is so important for our great Military. It ends the dangerous sequester and gives Secret… https://t.co/VRkKsNDZGC
371	Wed Feb 07 22:13:16 +0000 2018	70212	13210	Congratulations to the Republic of Korea on what will be a MAGNIFICENT Winter Olympics! What the South Korean peopl… https://t.co/gGaZUnZBMa
372	Wed Feb 07 18:01:05 +0000 2018	65131	12669	Best wishes to the Republic of Korea on hosting the @Olympics! What a wonderful opportunity to show everyone that y… https://t.co/NL6cIfHZgN
373	Wed Feb 07 16:10:00 +0000 2018	136555	39119	NEW FBI TEXTS ARE BOMBSHELLS!
374	Wed Feb 07 14:59:49 +0000 2018	111852	21750	In the “old days,” when good news was reported, the Stock Market would go up. Today, when good news is reported, th… https://t.co/mW5vEWhZYY
375	Wed Feb 07 03:05:45 +0000 2018	166510	31328	Congratulations @ElonMusk and @SpaceX on the successful #FalconHeavy launch. This achievement, along with @NASA’s c… https://t.co/MaQocjQKcI
376	Wed Feb 07 00:48:01 +0000 2018	180479	32653	HAPPY BIRTHDAY to our 40th President of the United States of America, Ronald Reagan! https://t.co/JtEglBhm4c
377	Tue Feb 06 22:45:50 +0000 2018	75619	18198	Today, we heard the experiences of law enforcement professionals and community leaders working to combat the threat… https://t.co/BAHG9Ajkio
378	Tue Feb 06 16:05:42 +0000 2018	91958	25331	We need a 21st century MERIT-BASED immigration system.  Chain migration and the visa lottery are outdated programs… https://t.co/5SzmbuLXuY
379	Tue Feb 06 16:00:43 +0000 2018	89047	23382	Polling shows nearly 7 in 10 Americans support an immigration reform package that includes DACA, fully secures the… https://t.co/OD93mZebu7
380	Tue Feb 06 13:37:00 +0000 2018	103878	20680	My prayers and best wishes are with the family of Edwin Jackson, a wonderful young man whose life was so senselessly taken. @Colts
381	Tue Feb 06 13:32:57 +0000 2018	141751	35615	So disgraceful that a person illegally in our country killed @Colts linebacker Edwin Jackson. This is just one of m… https://t.co/r8vqtb4Tjb
382	Mon Feb 05 20:42:01 +0000 2018	105217	22632	Thanks to the historic TAX CUTS that I signed into law, your paychecks are going way UP, your taxes are going way D… https://t.co/DKVuox1qa6
383	Mon Feb 05 15:08:51 +0000 2018	132422	35275	Representative Devin Nunes, a man of tremendous courage and grit, may someday be recognized as a Great American Her… https://t.co/p7egMdnqQs
384	Mon Feb 05 14:36:40 +0000 2018	122227	29614	Any deal on DACA that does not include STRONG border security and the desperately needed WALL is a total waste of t… https://t.co/BuGrQqbWfs
385	Mon Feb 05 12:39:10 +0000 2018	140864	42494	Little Adam Schiff, who is desperate to run for higher office, is one of the biggest liars and leakers in Washingto… https://t.co/7csaXTJLoO
386	Mon Feb 05 12:17:57 +0000 2018	106723	22553	Thank you to @foxandfriends for exposing the truth. Perhaps that’s why your ratings are soooo much better than your untruthful competition!
387	Mon Feb 05 12:11:56 +0000 2018	119958	30324	The Democrats are pushing for Universal HealthCare while thousands of people are marching in the UK because their U… https://t.co/9JK8HHq2bb
388	Mon Feb 05 03:54:42 +0000 2018	210940	35919	Congratulations to the Philadelphia Eagles on a great Super Bowl victory!
389	Sun Feb 04 16:58:14 +0000 2018	140779	22874	My thoughts and prayers are with all of the victims involved in this mornings train collision in South Carolina. Th… https://t.co/H3Ypk1ZwMt
390	Sun Feb 04 00:53:18 +0000 2018	129436	35257	...a tool of anti-Trump political actors. This is unacceptable in a democracy and ought to alarm anyone who wants t… https://t.co/tGnYODCVQx
391	Sun Feb 04 00:40:24 +0000 2018	129347	36357	“The four page memo released Friday reports the disturbing fact about how the FBI and FISA appear to have been used… https://t.co/ZT9YHhTIlA
392	Sun Feb 04 00:26:23 +0000 2018	134788	29745	Great jobs numbers and finally, after many years, rising wages- and nobody even talks about them. Only Russia, Russ… https://t.co/0gYGNuj0BS
393	Sat Feb 03 14:40:27 +0000 2018	140263	38538	This memo totally vindicates “Trump” in probe. But the Russian Witch Hunt goes on and on. Their was no Collusion an… https://t.co/GPYj4JbKgN
394	Sat Feb 03 14:40:23 +0000 2018	155028	34392	Rasmussen just announced that my approval rating jumped to 49%, a far better number than I had in winning the Elect… https://t.co/GbG8u70wTV
395	Sat Feb 03 13:44:19 +0000 2018	0	12573	RT @EricTrump: #MakeAmericaGreatAgain 🇺🇸🇺🇸🇺🇸 https://t.co/CJts3udtNO
396	Sat Feb 03 13:39:49 +0000 2018	0	12174	RT @EricTrump: 🇺🇸🇺🇸🇺🇸 https://t.co/iszxYp036c
397	Fri Feb 02 22:26:22 +0000 2018	70484	14445	Today, it was my honor to join the great men and women of @DHSgov, @CustomsBorder, @ICEgov and @USCIS at the U.S. C… https://t.co/r9EL0AhbO1
398	Fri Feb 02 18:07:08 +0000 2018	77080	17364	“Trump the orator outlines the greatness of America to Democrats’ disgust” https://t.co/XpirrtTY6V
399	Fri Feb 02 18:05:49 +0000 2018	107221	27170	With 3.5 million Americans receiving bonuses or other benefits from their employers as a result of TAX CUTS, 2018 i… https://t.co/cxo1rxdDsj
400	Fri Feb 02 11:49:14 +0000 2018	160385	51544	“You had Hillary Clinton and the Democratic Party try to hide the fact that they gave money to GPS Fusion to create… https://t.co/A8GoOzBrPx
401	Fri Feb 02 11:33:58 +0000 2018	137834	39663	The top Leadership and Investigators of the FBI and the Justice Department have politicized the sacred investigativ… https://t.co/xXWIyOvhi0
402	Fri Feb 02 03:32:48 +0000 2018	123131	28454	The Democrats just aren’t calling about DACA. Nancy Pelosi and Chuck Schumer have to get moving fast, or they’ll di… https://t.co/Tuz4PCoIF4
403	Thu Feb 01 12:02:49 +0000 2018	183078	36742	Thank you for all of the nice compliments and reviews on the State of the Union speech. 45.6 million people watched… https://t.co/HKFLkRjlGQ
404	Thu Feb 01 11:51:43 +0000 2018	122412	29425	March 5th is rapidly approaching and the Democrats are doing nothing about DACA. They Resist, Blame, Complain and O… https://t.co/A4qhFRv21V
405	Thu Feb 01 11:43:17 +0000 2018	136871	28056	Heading to beautiful West Virginia to be with great members of the Republican Party. Will be planning Infrastructur… https://t.co/17g1hxSFRI
406	Wed Jan 31 02:00:02 +0000 2018	108117	21504	"Join me live for the #SOTU
https://t.co/0SLktWxfHi"
407	Mon Jan 29 20:12:39 +0000 2018	83469	15996	Congratulations to America’s new Secretary of @HHSGov, Alex Azar! https://t.co/Y9inQaCt7o
408	Sun Jan 28 13:18:33 +0000 2018	197988	41653	Our economy is better than it has been in many decades. Businesses are coming back to America like never before. Ch… https://t.co/ZrThpTutNr
409	Sun Jan 28 13:18:32 +0000 2018	238107	62909	Somebody please inform Jay-Z that because of my policies, Black Unemployment has just been reported to be at the LOWEST RATE EVER RECORDED!
410	Sun Jan 28 04:08:02 +0000 2018	155854	35289	Democrats are not interested in Border Safety &amp; Security or in the funding and rebuilding of our Military. They are… https://t.co/wM9cL8CBo7
411	Sun Jan 28 03:58:02 +0000 2018	174190	46248	I have offered DACA a wonderful deal, including a doubling in the number of recipients &amp; a twelve year pathway to c… https://t.co/gSxSjiRcoC
412	Sat Jan 27 22:59:52 +0000 2018	113268	21755	Taliban targeted innocent Afghans, brave police in Kabul today. Our thoughts and prayers go to the victims, and fir… https://t.co/nxuDZV0VYZ
413	Sat Jan 27 19:30:24 +0000 2018	107071	25516	On Holocaust Remembrance Day we mourn and grieve the murder of 6 million innocent Jewish men, women and children, a… https://t.co/Df8jIU5KW2
414	Sat Jan 27 11:55:58 +0000 2018	123170	28815	Thank you to Brandon Judd of the National Border Patrol Council for his strong statement on @foxandfriends that we… https://t.co/33QbAoLFxj
415	Fri Jan 26 23:27:23 +0000 2018	71730	16115	Thank you for the wonderful welcome @WEF! #Davos2018 https://t.co/IQkoQJxR5B
416	Fri Jan 26 17:16:44 +0000 2018	118182	25840	DACA has been made increasingly difficult by the fact that Cryin’ Chuck Schumer took such a beating over the shutdo… https://t.co/5faBeqcNP9
417	Fri Jan 26 17:12:32 +0000 2018	111257	22313	Heading back from a very exciting two days in Davos, Switzerland. Speech on America’s economic revival was well rec… https://t.co/JbNNrNVH9z
418	Fri Jan 26 12:54:36 +0000 2018	52031	9979	Join me live at the 2018 World Economic Forum in Davos, Switzerland! #WEF18 https://t.co/fdHejCmv73 https://t.co/DuKJlVTWB8
419	Fri Jan 26 11:23:07 +0000 2018	55459	10641	Great bilateral meeting with President @Alain_Berset of the Swiss Confederation - as we continue to strengthen our… https://t.co/3bK58PuFPd
420	Fri Jan 26 10:46:48 +0000 2018	63221	12350	It was an honor to meet with Republic of Rwanda President Paul Kagame this morning in Davos, Switzerland. Many grea… https://t.co/tiD5NSYYwB
421	Fri Jan 26 10:11:26 +0000 2018	36548	6513	Will be interviewed on  @SquawkCNBC by @JoeSquawk coming up at 6:00amE from Davos, Switzerland. Enjoy! #WEF18 https://t.co/7egYlxnFBd
422	Thu Jan 25 22:38:21 +0000 2018	83442	17541	Today, Americans everywhere remember the brave men and women of @NASA who lost their lives in our Nation’s eternal… https://t.co/KMP2MhJVLS
423	Thu Jan 25 18:03:29 +0000 2018	72495	14969	Very productive bilateral meeting with Prime Minister Benjamin @Netanyahu of Israel - in Davos, Switzerland! #WEF18 https://t.co/2sZM9YI7tJ
424	Thu Jan 25 17:25:53 +0000 2018	75858	15820	Great bilateral meeting with Prime Minister Theresa May of the United Kingdom, affirming the special relationship a… https://t.co/6bIzOEo8DK
425	Thu Jan 25 00:27:00 +0000 2018	151613	28000	Will soon be heading to Davos, Switzerland, to tell the world how great America is and is doing. Our economy is now… https://t.co/OwSYSiCiKe
426	Wed Jan 24 22:51:20 +0000 2018	78736	16626	It was my great honor to welcome Mayor’s from across America to the WH. My Administration will always support local… https://t.co/N7Z9Dw3uIi
427	Wed Jan 24 20:26:16 +0000 2018	98053	19044	Earlier today, I spoke with @GovMattBevin of Kentucky regarding yesterday’s shooting at Marshall County High School… https://t.co/20Bf0p7oFT
428	Wed Jan 24 11:58:58 +0000 2018	146169	32816	Tremendous investment by companies from all over the world being made in America. There has never been anything lik… https://t.co/sUp4LsbXhz
429	Wed Jan 24 04:07:27 +0000 2018	153594	36170	Cryin’ Chuck Schumer fully understands, especially after his humiliating defeat, that if there is no Wall, there is… https://t.co/oaabUSfT9w
430	Wed Jan 24 03:54:22 +0000 2018	126546	31582	Where are the 50,000 important text messages between FBI lovers Lisa Page and Peter Strzok?  Blaming Samsung!
431	Tue Jan 23 14:16:02 +0000 2018	96911	21308	Thank you to General John Kelly, who is doing a fantastic job, and all of the Staff and others in the White House,… https://t.co/q4hhzEEjor
432	Tue Jan 23 13:34:37 +0000 2018	111721	23767	Nobody knows for sure that the Republicans &amp; Democrats will be able to reach a deal on DACA by February 8, but ever… https://t.co/2qBHLtCo1u
433	Tue Jan 23 11:55:42 +0000 2018	133244	36195	In one of the biggest stories in a long time, the FBI now says it is missing five months worth of lovers Strzok-Pag… https://t.co/Zwg2yDeEwz
434	Tue Jan 23 11:31:40 +0000 2018	128126	26898	Even Crazy Jim Acosta of Fake News CNN agrees: “Trump World and WH sources dancing in end zone: Trump wins again...… https://t.co/X4ncbncUqi
435	Tue Jan 23 04:30:33 +0000 2018	132420	27671	Big win for Republicans as Democrats cave on Shutdown. Now I want a big win for everyone, including Republicans, De… https://t.co/jzJKY5vaAz
436	Mon Jan 22 15:13:18 +0000 2018	92266	21352	End the Democrats Obstruction! https://t.co/tzBXilvW1b
437	Mon Jan 22 13:15:55 +0000 2018	108569	21824	Democrats have shut down our government in the interests of their far left base. They don’t want to do it but are powerless!
438	Mon Jan 22 13:07:09 +0000 2018	130926	32841	The Democrats are turning down services and security for citizens in favor of services and security for non-citizens. Not good!
439	Mon Jan 22 01:21:42 +0000 2018	125770	23327	Thank you to Brad Blakeman on @FoxNews for grading year one of my presidency with an “A”-and likewise to Doug Schoe… https://t.co/RnE8Gh9xnh
440	Sun Jan 21 12:35:28 +0000 2018	176715	46837	Great to see how hard Republicans are fighting for our Military and Safety at the Border. The Dems just want illega… https://t.co/px3zwtzYOV
441	Sun Jan 21 12:20:19 +0000 2018	0	43975	RT @realDonaldTrump: Democrats are holding our Military hostage over their desire to have unchecked illegal immigration. Can’t let that hap…
442	Sun Jan 21 02:34:52 +0000 2018	0	14174	"RT @FoxNews: .@EricTrump: ""My father was elected for one reason, and that's because he actually believes in putting America first, which is…"
443	Sun Jan 21 02:33:09 +0000 2018	0	14343	"RT @FoxNews: .@KellyannePolls: ""Since @POTUS took office, 863,000 new jobs were filled by women. Over half a million American women have en…"
444	Sun Jan 21 02:31:28 +0000 2018	0	12948	"RT @FoxNews: .@davidwebbshow: ""Let's look at the calendar. It's January 20th. DACA expires on March 5th. That means this was a construct of…"
445	Sun Jan 21 02:31:07 +0000 2018	0	7305	"RT @FoxNews: .@EricTrump: ""People have seen a year that's incredible, that's been filled with nothing but the best for our country, America…"
446	Sun Jan 21 02:18:51 +0000 2018	46270	6286	Eric Trump on @JudgeJeanine on @FoxNews now!
447	Sun Jan 21 00:47:40 +0000 2018	153188	31304	The Trump Administration has terminated more UNNECESSARY Regulation, in just twelve months, than any other Administ… https://t.co/SFS1cXtdx5
448	Sun Jan 21 00:40:18 +0000 2018	0	41782	RT @realDonaldTrump: Democrats are far more concerned with Illegal Immigrants than they are with our great Military or Safety at our danger…
449	Sat Jan 20 22:31:27 +0000 2018	129495	28455	Unprecedented success for our Country, in so many ways, since the Election. Record Stock Market, Strong on Military… https://t.co/S9Vev9LI6r
450	Sat Jan 20 18:51:24 +0000 2018	206948	52362	Beautiful weather all over our great country, a perfect day for all Women to March. Get out there now to celebrate… https://t.co/0mof82VUry
451	Sat Jan 20 14:27:54 +0000 2018	166706	43975	Democrats are holding our Military hostage over their desire to have unchecked illegal immigration. Can’t let that happen!
452	Sat Jan 20 11:47:42 +0000 2018	122090	31154	#AMERICA FIRST!
453	Sat Jan 20 11:44:01 +0000 2018	153287	39504	For those asking, the Republicans only have 51 votes in the Senate, and they need 60. That is why we need to win mo… https://t.co/VAQ4O1yYv5
454	Sat Jan 20 11:33:35 +0000 2018	122479	29956	This is the One Year Anniversary of my Presidency and the Democrats wanted to give me a nice present. #DemocratShutdown
455	Sat Jan 20 11:17:10 +0000 2018	143382	41782	Democrats are far more concerned with Illegal Immigrants than they are with our great Military or Safety at our dan… https://t.co/eHAkBL3AjB
456	Sat Jan 20 02:28:56 +0000 2018	116178	30775	Not looking good for our great Military or Safety &amp; Security on the very dangerous Southern Border. Dems want a Shu… https://t.co/Zs62ydrvwQ
457	Fri Jan 19 22:17:53 +0000 2018	64344	12860	Excellent preliminary meeting in Oval with @SenSchumer - working on solutions for Security and our great Military t… https://t.co/EC7lpgkNxk
458	Fri Jan 19 20:53:17 +0000 2018	127704	27454	Just signed 702 Bill to reauthorize foreign intelligence collection. This is NOT the same FISA law that was so wron… https://t.co/20fZau7RFT
459	Fri Jan 19 18:39:50 +0000 2018	95843	24592	Today, I was honored and proud to address the 45th Annual @March_for_Life! You are living witnesses of this year’s… https://t.co/eZL7D5NtYg
460	Fri Jan 19 16:28:29 +0000 2018	49118	15315	“Shutting down the government is a very serious thing. People die, accidents happen. I don’t know how I would vote… https://t.co/UdjOG3Ynvl
461	Fri Jan 19 16:14:05 +0000 2018	43669	8411	".@WhiteHouse Briefing with Director Marc Short and Director Mick Mulvaney...
https://t.co/0O0VsYXmHB"
462	Fri Jan 19 12:04:47 +0000 2018	109689	25556	Government Funding Bill past last night in the House of Representatives. Now Democrats are needed if it is to pass… https://t.co/xK33TIW16o
463	Thu Jan 18 23:39:53 +0000 2018	100881	20024	House of Representatives needs to pass Government Funding Bill tonight. So important for our country - our Military needs it!
464	Thu Jan 18 21:04:36 +0000 2018	102499	25815	AMERICA will once again be a NATION that thinks big, dreams bigger, and always reaches for the stars. YOU are the o… https://t.co/VYcBBrQ3pG
465	Thu Jan 18 20:45:33 +0000 2018	75221	15055	Departing Pittsburgh now, where it was my great honor to stand with our incredible workers, and to show the world t… https://t.co/hig8AOxDFs
466	Thu Jan 18 13:49:11 +0000 2018	89817	21494	A government shutdown will be devastating to our military...something the Dems care very little about!
467	Thu Jan 18 13:37:24 +0000 2018	62069	11877	CHIP should be part of a long term solution, not a 30 Day, or short term, extension!
468	Thu Jan 18 13:16:26 +0000 2018	122610	28697	We need the Wall for the safety and security of our country. We need the Wall to help stop the massive inflow of dr… https://t.co/wlyEE41v2w
469	Thu Jan 18 12:53:17 +0000 2018	84676	16978	Will be going to Pennsylvania today in order to give my total support to RICK SACCONE, running for Congress in a Sp… https://t.co/zPK4tKI6Vp
470	Thu Jan 18 11:25:03 +0000 2018	111012	27690	....The Wall will be paid for, directly or indirectly, or through longer term reimbursement, by Mexico, which has a… https://t.co/J09b17pLIi
471	Thu Jan 18 11:15:25 +0000 2018	93559	21256	The Wall is the Wall, it has never changed or evolved from the first day I conceived of it. Parts will be, of neces… https://t.co/3UJscR3WGL
472	Thu Jan 18 01:11:26 +0000 2018	177214	39301	ISIS is in retreat, our economy is booming, investments and jobs are pouring back into the country, and so much mor… https://t.co/pXV43doqxa
473	Thu Jan 18 01:05:46 +0000 2018	111046	22071	Despite some very corrupt and dishonest media coverage, there are many great reporters I respect and lots of GOOD N… https://t.co/XtmYEpRDAu
474	Thu Jan 18 01:00:05 +0000 2018	110824	40602	"And the FAKE NEWS winners are...
https://t.co/59G6x2f7fD"
475	Wed Jan 17 23:36:44 +0000 2018	67492	15387	Main Street is BACK! Strongest Holiday Sales bump since the Great Recession -- beating forecasts by BILLIONS OF DOL… https://t.co/NzP72Zarmr
476	Wed Jan 17 23:32:58 +0000 2018	98212	24348	During the campaign, I promised to MAKE AMERICA GREAT AGAIN by bringing businesses and jobs back to our country. I… https://t.co/OQ1fA6odh7
477	Wed Jan 17 23:28:30 +0000 2018	91424	24057	I promised that my policies would allow companies like Apple to bring massive amounts of money back to the United S… https://t.co/aWutB2fro3
478	Wed Jan 17 23:19:02 +0000 2018	74447	15328	Today, we witnessed an incredible moment in history – the presentation of Congress’ highest civilian honor to our f… https://t.co/svBhsLy1By
479	Wed Jan 17 13:04:46 +0000 2018	53918	6639	Eric Trump on @foxandfriends  now!
480	Tue Jan 16 23:20:10 +0000 2018	80877	18735	....we need to keep America safe, including moving away from a random chain migration and lottery system, to one th… https://t.co/wMQB8vJ3Cs
481	Tue Jan 16 23:19:39 +0000 2018	98949	25391	New report from DOJ &amp; DHS shows that nearly 3 in 4 individuals convicted of terrorism-related charges are foreign-b… https://t.co/9F2yHphpOi
482	Tue Jan 16 20:17:39 +0000 2018	55546	9820	Today, it was my honor to welcome President Nursultan Nazarbayev of Kazakhstan to the @WhiteHouse! https://t.co/TerYFZViax
483	Tue Jan 16 19:43:32 +0000 2018	73202	19283	“President Donald J. Trump Proclaims January 16, 2018, as Religious Freedom Day” https://t.co/bD3R2dJfyp
484	Tue Jan 16 14:30:00 +0000 2018	112129	27685	Unemployment for Black Americans is the lowest ever recorded. Trump approval ratings with Black Americans has doubl… https://t.co/T5tmchLiz8
485	Tue Jan 16 14:24:40 +0000 2018	72419	16001	“90% of Trump 2017 news coverage was negative” -and much of it contrived!@foxandfriends
486	Tue Jan 16 14:19:46 +0000 2018	110389	25961	Do you notice the Fake News Mainstream Media never likes covering the great and record setting economic news, but r… https://t.co/8kZJQ8SQZe
487	Tue Jan 16 14:07:38 +0000 2018	99300	23474	The Democrats want to shut down the Government over Amnesty for all and Border Security. The biggest loser will be… https://t.co/Kv8aUAd3gD
488	Tue Jan 16 13:54:02 +0000 2018	116361	24603	We must have Security at our VERY DANGEROUS SOUTHERN BORDER, and we must have a great WALL to help protect us, and… https://t.co/QH1uNnvCOq
489	Tue Jan 16 00:55:35 +0000 2018	0	29711	RT @realDonaldTrump: Senator Dicky Durbin totally misrepresented what was said at the DACA meeting. Deals can’t get made when there is no t…
490	Tue Jan 16 00:53:38 +0000 2018	0	27170	RT @realDonaldTrump: DACA is probably dead because the Democrats don’t really want it, they just want to talk and take desperately needed m…
491	Tue Jan 16 00:53:19 +0000 2018	0	38818	RT @realDonaldTrump: I, as President, want people coming into our Country who are going to help us become strong and great again, people co…
492	Tue Jan 16 00:52:48 +0000 2018	0	18825	RT @realDonaldTrump: ...big unnecessary regulation cuts made it all possible” (among many other things). “President Trump reversed the poli…
493	Tue Jan 16 00:52:43 +0000 2018	0	24707	RT @realDonaldTrump: “President Trump is not getting the credit he deserves for the economy. Tax Cut bonuses to more than 2,000,000 workers…
494	Tue Jan 16 00:50:19 +0000 2018	0	13671	RT @EricTrump: I will be always be incredibly proud of my work for @StJude, raising $16.3+ million dollars over the last 10 years at a 9.2%…
495	Tue Jan 16 00:48:04 +0000 2018	0	8795	RT @EricTrump: #MakeAmericaGreatAgain 🇺🇸🇺🇸🇺🇸 https://t.co/b81NtQGhHa
496	Tue Jan 16 00:47:59 +0000 2018	0	2660	RT @Heritage: We had a special visitor yesterday. @IvankaTrump, thank you for meeting with @KayColesJames, spending time with our team, and…
497	Mon Jan 15 20:28:15 +0000 2018	116349	29711	Senator Dicky Durbin totally misrepresented what was said at the DACA meeting. Deals can’t get made when there is n… https://t.co/YaPbD8cjHe
498	Mon Jan 15 16:01:11 +0000 2018	0	21187	"RT @WhiteHouse: ""Dr. King's dream is our dream. It is the American Dream. It's the promise stitched into the fabric of our Nation, etched i…"
499	Mon Jan 15 13:02:22 +0000 2018	112062	23231	...to stop drugs, they want to take money away from our military which we cannot do.” My standard is very simple, A… https://t.co/Q3BJnCHTLv
